step,active_motive,motive_1,motive_2,motive_3,motive_4,motive_5,motive_6,motive_7,motive_8
0,,0.06318,0.04484,0.02932,0.03287,0.06725,0.07524,0.07916,0.07896
1,,-0.43682,-0.45516,-0.47068,-0.46713,-0.43275,-0.42476,-0.42084,-0.42104
2,3,-0.83682,-0.85516,0.52932,-0.86713,-0.83275,-0.82476,-0.82084,-0.82104
3,3,-1.0,-1.0,1.0,-1.0,-1.0,-1.0,-1.0,-1.0
4,6,-1.0,-1.0,0.6,-1.0,-1.0,0.0,-1.0,-1.0
5,6,-1.0,-1.0,0.2,-1.0,-1.0,1.0,-1.0,-1.0
6,7,-1.0,-1.0,-0.2,-1.0,-1.0,0.6,0.0,-1.0
7,7,-1.0,-1.0,-0.6,-1.0,-1.0,0.2,1.0,-1.0
8,2,-1.0,0.0,-1.0,-1.0,-1.0,-0.2,0.6,-1.0
9,2,-1.0,1.0,-1.0,-1.0,-1.0,-0.6,0.2,-1.0
10,3,-1.0,0.6,0.0,-1.0,-1.0,-1.0,-0.2,-1.0
11,3,-1.0,0.2,1.0,-1.0,-1.0,-1.0,-0.6,-1.0
12,4,-1.0,-0.2,0.6,0.0,-1.0,-1.0,-1.0,-1.0
13,4,-1.0,-0.6,0.2,1.0,-1.0,-1.0,-1.0,-1.0
14,8,-1.0,-1.0,-0.2,0.6,-1.0,-1.0,-1.0,0.0
15,8,-1.0,-1.0,-0.6,0.2,-1.0,-1.0,-1.0,1.0
16,5,-1.0,-1.0,-1.0,-0.2,0.0,-1.0,-1.0,0.6
17,5,-1.0,-1.0,-1.0,-0.6,1.0,-1.0,-1.0,0.2
18,7,-1.0,-1.0,-1.0,-1.0,0.6,-1.0,0.0,-0.2
19,7,-1.0,-1.0,-1.0,-1.0,0.2,-1.0,1.0,-0.6
20,3,-1.0,-1.0,0.0,-1.0,-0.2,-1.0,0.6,-1.0
21,3,-1.0,-1.0,1.0,-1.0,-0.6,-1.0,0.2,-1.0
22,4,-1.0,-1.0,0.6,0.0,-1.0,-1.0,-0.2,-1.0
23,4,-1.0,-1.0,0.2,1.0,-1.0,-1.0,-0.6,-1.0
24,2,-1.0,0.0,-0.2,0.6,-1.0,-1.0,-1.0,-1.0
25,2,-1.0,1.0,-0.6,0.2,-1.0,-1.0,-1.0,-1.0
26,7,-1.0,0.6,-1.0,-0.2,-1.0,-1.0,0.0,-1.0
27,7,-1.0,0.2,-1.0,-0.6,-1.0,-1.0,1.0,-1.0
28,1,0.0,-0.2,-1.0,-1.0,-1.0,-1.0,0.6,-1.0
29,1,1.0,-0.6,-1.0,-1.0,-1.0,-1.0,0.2,-1.0
30,4,0.6,-1.0,-1.0,0.0,-1.0,-1.0,-0.2,-1.0
31,4,0.2,-1.0,-1.0,1.0,-1.0,-1.0,-0.6,-1.0
32,3,-0.2,-1.0,0.0,0.6,-1.0,-1.0,-1.0,-1.0
33,3,-0.6,-1.0,1.0,0.2,-1.0,-1.0,-1.0,-1.0
34,7,-1.0,-1.0,0.6,-0.2,-1.0,-1.0,0.0,-1.0
35,7,-1.0,-1.0,0.2,-0.6,-1.0,-1.0,1.0,-1.0
36,1,0.0,-1.0,-0.2,-1.0,-1.0,-1.0,0.6,-1.0
37,1,1.0,-1.0,-0.6,-1.0,-1.0,-1.0,0.2,-1.0
38,8,0.6,-1.0,-1.0,-1.0,-1.0,-1.0,-0.2,0.0
39,8,0.2,-1.0,-1.0,-1.0,-1.0,-1.0,-0.6,1.0
40,6,-0.2,-1.0,-1.0,-1.0,-1.0,0.0,-1.0,0.6
41,6,-0.6,-1.0,-1.0,-1.0,-1.0,1.0,-1.0,0.2
42,3,-1.0,-1.0,0.0,-1.0,-1.0,0.6,-1.0,-0.2
43,3,-1.0,-1.0,1.0,-1.0,-1.0,0.2,-1.0,-0.6
44,1,0.0,-1.0,0.6,-1.0,-1.0,-0.2,-1.0,-1.0
45,1,1.0,-1.0,0.2,-1.0,-1.0,-0.6,-1.0,-1.0
46,4,0.6,-1.0,-0.2,0.0,-1.0,-1.0,-1.0,-1.0
47,4,0.2,-1.0,-0.6,1.0,-1.0,-1.0,-1.0,-1.0
48,6,-0.2,-1.0,-1.0,0.6,-1.0,0.0,-1.0,-1.0
49,6,-0.6,-1.0,-1.0,0.2,-1.0,1.0,-1.0,-1.0
50,3,-1.0,-1.0,0.0,-0.2,-1.0,0.6,-1.0,-1.0
51,3,-1.0,-1.0,1.0,-0.6,-1.0,0.2,-1.0,-1.0
52,2,-1.0,0.0,0.6,-1.0,-1.0,-0.2,-1.0,-1.0
53,2,-1.0,1.0,0.2,-1.0,-1.0,-0.6,-1.0,-1.0
54,8,-1.0,0.6,-0.2,-1.0,-1.0,-1.0,-1.0,0.0
55,8,-1.0,0.2,-0.6,-1.0,-1.0,-1.0,-1.0,1.0
56,7,-1.0,-0.2,-1.0,-1.0,-1.0,-1.0,0.0,0.6
57,7,-1.0,-0.6,-1.0,-1.0,-1.0,-1.0,1.0,0.2
58,6,-1.0,-1.0,-1.0,-1.0,-1.0,0.0,0.6,-0.2
59,6,-1.0,-1.0,-1.0,-1.0,-1.0,1.0,0.2,-0.6
60,3,-1.0,-1.0,0.0,-1.0,-1.0,0.6,-0.2,-1.0
61,3,-1.0,-1.0,1.0,-1.0,-1.0,0.2,-0.6,-1.0
62,8,-1.0,-1.0,0.6,-1.0,-1.0,-0.2,-1.0,0.0
63,8,-1.0,-1.0,0.2,-1.0,-1.0,-0.6,-1.0,1.0
64,1,0.0,-1.0,-0.2,-1.0,-1.0,-1.0,-1.0,0.6
65,1,1.0,-1.0,-0.6,-1.0,-1.0,-1.0,-1.0,0.2
66,6,0.6,-1.0,-1.0,-1.0,-1.0,0.0,-1.0,-0.2
67,6,0.2,-1.0,-1.0,-1.0,-1.0,1.0,-1.0,-0.6
68,2,-0.2,0.0,-1.0,-1.0,-1.0,0.6,-1.0,-1.0
69,2,-0.6,1.0,-1.0,-1.0,-1.0,0.2,-1.0,-1.0
70,3,-1.0,0.6,0.0,-1.0,-1.0,-0.2,-1.0,-1.0
71,3,-1.0,0.2,1.0,-1.0,-1.0,-0.6,-1.0,-1.0
72,8,-1.0,-0.2,0.6,-1.0,-1.0,-1.0,-1.0,0.0
73,8,-1.0,-0.6,0.2,-1.0,-1.0,-1.0,-1.0,1.0
74,6,-1.0,-1.0,-0.2,-1.0,-1.0,0.0,-1.0,0.6
75,6,-1.0,-1.0,-0.6,-1.0,-1.0,1.0,-1.0,0.2
76,5,-1.0,-1.0,-1.0,-1.0,0.0,0.6,-1.0,-0.2
77,5,-1.0,-1.0,-1.0,-1.0,1.0,0.2,-1.0,-0.6
78,4,-1.0,-1.0,-1.0,0.0,0.6,-0.2,-1.0,-1.0
79,4,-1.0,-1.0,-1.0,1.0,0.2,-0.6,-1.0,-1.0
80,3,-1.0,-1.0,0.0,0.6,-0.2,-1.0,-1.0,-1.0
81,3,-1.0,-1.0,1.0,0.2,-0.6,-1.0,-1.0,-1.0
82,8,-1.0,-1.0,0.6,-0.2,-1.0,-1.0,-1.0,0.0
83,8,-1.0,-1.0,0.2,-0.6,-1.0,-1.0,-1.0,1.0
84,6,-1.0,-1.0,-0.2,-1.0,-1.0,0.0,-1.0,0.6
85,6,-1.0,-1.0,-0.6,-1.0,-1.0,1.0,-1.0,0.2
86,4,-1.0,-1.0,-1.0,0.0,-1.0,0.6,-1.0,-0.2
87,4,-1.0,-1.0,-1.0,1.0,-1.0,0.2,-1.0,-0.6
88,2,-1.0,0.0,-1.0,0.6,-1.0,-0.2,-1.0,-1.0
89,2,-1.0,1.0,-1.0,0.2,-1.0,-0.6,-1.0,-1.0
90,3,-1.0,0.6,0.0,-0.2,-1.0,-1.0,-1.0,-1.0
91,3,-1.0,0.2,1.0,-0.6,-1.0,-1.0,-1.0,-1.0
92,6,-1.0,-0.2,0.6,-1.0,-1.0,0.0,-1.0,-1.0
93,6,-1.0,-0.6,0.2,-1.0,-1.0,1.0,-1.0,-1.0
94,5,-1.0,-1.0,-0.2,-1.0,0.0,0.6,-1.0,-1.0
95,5,-1.0,-1.0,-0.6,-1.0,1.0,0.2,-1.0,-1.0
96,8,-1.0,-1.0,-1.0,-1.0,0.6,-0.2,-1.0,0.0
97,8,-1.0,-1.0,-1.0,-1.0,0.2,-0.6,-1.0,1.0
98,7,-1.0,-1.0,-1.0,-1.0,-0.2,-1.0,0.0,0.6
99,7,-1.0,-1.0,-1.0,-1.0,-0.6,-1.0,1.0,0.2
100,2,-1.0,0.0,-1.0,-1.0,-1.0,-1.0,0.6,-0.2
101,2,-1.0,1.0,-1.0,-1.0,-1.0,-1.0,0.2,-0.6
102,5,-1.0,0.6,-1.0,-1.0,0.0,-1.0,-0.2,-1.0
103,5,-1.0,0.2,-1.0,-1.0,1.0,-1.0,-0.6,-1.0
104,3,-1.0,-0.2,0.0,-1.0,0.6,-1.0,-1.0,-1.0
105,3,-1.0,-0.6,1.0,-1.0,0.2,-1.0,-1.0,-1.0
106,7,-1.0,-1.0,0.6,-1.0,-0.2,-1.0,0.0,-1.0
107,7,-1.0,-1.0,0.2,-1.0,-0.6,-1.0,1.0,-1.0
108,6,-1.0,-1.0,-0.2,-1.0,-1.0,0.0,0.6,-1.0
109,6,-1.0,-1.0,-0.6,-1.0,-1.0,1.0,0.2,-1.0
110,8,-1.0,-1.0,-1.0,-1.0,-1.0,0.6,-0.2,0.0
111,8,-1.0,-1.0,-1.0,-1.0,-1.0,0.2,-0.6,1.0
112,1,0.0,-1.0,-1.0,-1.0,-1.0,-0.2,-1.0,0.6
113,1,1.0,-1.0,-1.0,-1.0,-1.0,-0.6,-1.0,0.2
114,2,0.6,0.0,-1.0,-1.0,-1.0,-1.0,-1.0,-0.2
115,2,0.2,1.0,-1.0,-1.0,-1.0,-1.0,-1.0,-0.6
116,5,-0.2,0.6,-1.0,-1.0,0.0,-1.0,-1.0,-1.0
117,5,-0.6,0.2,-1.0,-1.0,1.0,-1.0,-1.0,-1.0
118,8,-1.0,-0.2,-1.0,-1.0,0.6,-1.0,-1.0,0.0
119,8,-1.0,-0.6,-1.0,-1.0,0.2,-1.0,-1.0,1.0
120,6,-1.0,-1.0,-1.0,-1.0,-0.2,0.0,-1.0,0.6
121,6,-1.0,-1.0,-1.0,-1.0,-0.6,1.0,-1.0,0.2
122,1,0.0,-1.0,-1.0,-1.0,-1.0,0.6,-1.0,-0.2
123,1,1.0,-1.0,-1.0,-1.0,-1.0,0.2,-1.0,-0.6
124,5,0.6,-1.0,-1.0,-1.0,0.0,-0.2,-1.0,-1.0
125,5,0.2,-1.0,-1.0,-1.0,1.0,-0.6,-1.0,-1.0
126,2,-0.2,0.0,-1.0,-1.0,0.6,-1.0,-1.0,-1.0
127,2,-0.6,1.0,-1.0,-1.0,0.2,-1.0,-1.0,-1.0
128,3,-1.0,0.6,0.0,-1.0,-0.2,-1.0,-1.0,-1.0
129,3,-1.0,0.2,1.0,-1.0,-0.6,-1.0,-1.0,-1.0
130,1,0.0,-0.2,0.6,-1.0,-1.0,-1.0,-1.0,-1.0
131,1,1.0,-0.6,0.2,-1.0,-1.0,-1.0,-1.0,-1.0
132,8,0.6,-1.0,-0.2,-1.0,-1.0,-1.0,-1.0,0.0
133,8,0.2,-1.0,-0.6,-1.0,-1.0,-1.0,-1.0,1.0
134,4,-0.2,-1.0,-1.0,0.0,-1.0,-1.0,-1.0,0.6
135,4,-0.6,-1.0,-1.0,1.0,-1.0,-1.0,-1.0,0.2
136,6,-1.0,-1.0,-1.0,0.6,-1.0,0.0,-1.0,-0.2
137,6,-1.0,-1.0,-1.0,0.2,-1.0,1.0,-1.0,-0.6
138,7,-1.0,-1.0,-1.0,-0.2,-1.0,0.6,0.0,-1.0
139,7,-1.0,-1.0,-1.0,-0.6,-1.0,0.2,1.0,-1.0
140,8,-1.0,-1.0,-1.0,-1.0,-1.0,-0.2,0.6,0.0
141,8,-1.0,-1.0,-1.0,-1.0,-1.0,-0.6,0.2,1.0
142,5,-1.0,-1.0,-1.0,-1.0,0.0,-1.0,-0.2,0.6
143,5,-1.0,-1.0,-1.0,-1.0,1.0,-1.0,-0.6,0.2
144,6,-1.0,-1.0,-1.0,-1.0,0.6,0.0,-1.0,-0.2
145,6,-1.0,-1.0,-1.0,-1.0,0.2,1.0,-1.0,-0.6
146,7,-1.0,-1.0,-1.0,-1.0,-0.2,0.6,0.0,-1.0
147,7,-1.0,-1.0,-1.0,-1.0,-0.6,0.2,1.0,-1.0
148,3,-1.0,-1.0,0.0,-1.0,-1.0,-0.2,0.6,-1.0
149,3,-1.0,-1.0,1.0,-1.0,-1.0,-0.6,0.2,-1.0
150,5,-1.0,-1.0,0.6,-1.0,0.0,-1.0,-0.2,-1.0
151,5,-1.0,-1.0,0.2,-1.0,1.0,-1.0,-0.6,-1.0
152,8,-1.0,-1.0,-0.2,-1.0,0.6,-1.0,-1.0,0.0
153,8,-1.0,-1.0,-0.6,-1.0,0.2,-1.0,-1.0,1.0
154,6,-1.0,-1.0,-1.0,-1.0,-0.2,0.0,-1.0,0.6
155,6,-1.0,-1.0,-1.0,-1.0,-0.6,1.0,-1.0,0.2
156,3,-1.0,-1.0,0.0,-1.0,-1.0,0.6,-1.0,-0.2
157,3,-1.0,-1.0,1.0,-1.0,-1.0,0.2,-1.0,-0.6
158,4,-1.0,-1.0,0.6,0.0,-1.0,-0.2,-1.0,-1.0
159,4,-1.0,-1.0,0.2,1.0,-1.0,-0.6,-1.0,-1.0
160,7,-1.0,-1.0,-0.2,0.6,-1.0,-1.0,0.0,-1.0
161,7,-1.0,-1.0,-0.6,0.2,-1.0,-1.0,1.0,-1.0
162,1,0.0,-1.0,-1.0,-0.2,-1.0,-1.0,0.6,-1.0
163,1,1.0,-1.0,-1.0,-0.6,-1.0,-1.0,0.2,-1.0
164,3,0.6,-1.0,0.0,-1.0,-1.0,-1.0,-0.2,-1.0
165,3,0.2,-1.0,1.0,-1.0,-1.0,-1.0,-0.6,-1.0
166,2,-0.2,0.0,0.6,-1.0,-1.0,-1.0,-1.0,-1.0
167,2,-0.6,1.0,0.2,-1.0,-1.0,-1.0,-1.0,-1.0
168,4,-1.0,0.6,-0.2,0.0,-1.0,-1.0,-1.0,-1.0
169,4,-1.0,0.2,-0.6,1.0,-1.0,-1.0,-1.0,-1.0
170,1,0.0,-0.2,-1.0,0.6,-1.0,-1.0,-1.0,-1.0
171,1,1.0,-0.6,-1.0,0.2,-1.0,-1.0,-1.0,-1.0
172,8,0.6,-1.0,-1.0,-0.2,-1.0,-1.0,-1.0,0.0
173,8,0.2,-1.0,-1.0,-0.6,-1.0,-1.0,-1.0,1.0
174,5,-0.2,-1.0,-1.0,-1.0,0.0,-1.0,-1.0,0.6
175,5,-0.6,-1.0,-1.0,-1.0,1.0,-1.0,-1.0,0.2
176,2,-1.0,0.0,-1.0,-1.0,0.6,-1.0,-1.0,-0.2
177,2,-1.0,1.0,-1.0,-1.0,0.2,-1.0,-1.0,-0.6
178,4,-1.0,0.6,-1.0,0.0,-0.2,-1.0,-1.0,-1.0
179,4,-1.0,0.2,-1.0,1.0,-0.6,-1.0,-1.0,-1.0
180,7,-1.0,-0.2,-1.0,0.6,-1.0,-1.0,0.0,-1.0
181,7,-1.0,-0.6,-1.0,0.2,-1.0,-1.0,1.0,-1.0
182,3,-1.0,-1.0,0.0,-0.2,-1.0,-1.0,0.6,-1.0
183,3,-1.0,-1.0,1.0,-0.6,-1.0,-1.0,0.2,-1.0
184,6,-1.0,-1.0,0.6,-1.0,-1.0,0.0,-0.2,-1.0
185,6,-1.0,-1.0,0.2,-1.0,-1.0,1.0,-0.6,-1.0
186,5,-1.0,-1.0,-0.2,-1.0,0.0,0.6,-1.0,-1.0
187,5,-1.0,-1.0,-0.6,-1.0,1.0,0.2,-1.0,-1.0
188,8,-1.0,-1.0,-1.0,-1.0,0.6,-0.2,-1.0,0.0
189,8,-1.0,-1.0,-1.0,-1.0,0.2,-0.6,-1.0,1.0
190,2,-1.0,0.0,-1.0,-1.0,-0.2,-1.0,-1.0,0.6
191,2,-1.0,1.0,-1.0,-1.0,-0.6,-1.0,-1.0,0.2
192,6,-1.0,0.6,-1.0,-1.0,-1.0,0.0,-1.0,-0.2
193,6,-1.0,0.2,-1.0,-1.0,-1.0,1.0,-1.0,-0.6
194,5,-1.0,-0.2,-1.0,-1.0,0.0,0.6,-1.0,-1.0
195,5,-1.0,-0.6,-1.0,-1.0,1.0,0.2,-1.0,-1.0
196,3,-1.0,-1.0,0.0,-1.0,0.6,-0.2,-1.0,-1.0
197,3,-1.0,-1.0,1.0,-1.0,0.2,-0.6,-1.0,-1.0
198,2,-1.0,0.0,0.6,-1.0,-0.2,-1.0,-1.0,-1.0
199,2,-1.0,1.0,0.2,-1.0,-0.6,-1.0,-1.0,-1.0
200,7,-1.0,0.6,-0.2,-1.0,-1.0,-1.0,0.0,-1.0
201,7,-1.0,0.2,-0.6,-1.0,-1.0,-1.0,1.0,-1.0
202,4,-1.0,-0.2,-1.0,0.0,-1.0,-1.0,0.6,-1.0
203,4,-1.0,-0.6,-1.0,1.0,-1.0,-1.0,0.2,-1.0
204,6,-1.0,-1.0,-1.0,0.6,-1.0,0.0,-0.2,-1.0
205,6,-1.0,-1.0,-1.0,0.2,-1.0,1.0,-0.6,-1.0
206,5,-1.0,-1.0,-1.0,-0.2,0.0,0.6,-1.0,-1.0
207,5,-1.0,-1.0,-1.0,-0.6,1.0,0.2,-1.0,-1.0
208,8,-1.0,-1.0,-1.0,-1.0,0.6,-0.2,-1.0,0.0
209,8,-1.0,-1.0,-1.0,-1.0,0.2,-0.6,-1.0,1.0
210,1,0.0,-1.0,-1.0,-1.0,-0.2,-1.0,-1.0,0.6
211,1,1.0,-1.0,-1.0,-1.0,-0.6,-1.0,-1.0,0.2
212,6,0.6,-1.0,-1.0,-1.0,-1.0,0.0,-1.0,-0.2
213,6,0.2,-1.0,-1.0,-1.0,-1.0,1.0,-1.0,-0.6
214,4,-0.2,-1.0,-1.0,0.0,-1.0,0.6,-1.0,-1.0
215,4,-0.6,-1.0,-1.0,1.0,-1.0,0.2,-1.0,-1.0
216,2,-1.0,0.0,-1.0,0.6,-1.0,-0.2,-1.0,-1.0
217,2,-1.0,1.0,-1.0,0.2,-1.0,-0.6,-1.0,-1.0
218,1,0.0,0.6,-1.0,-0.2,-1.0,-1.0,-1.0,-1.0
219,1,1.0,0.2,-1.0,-0.6,-1.0,-1.0,-1.0,-1.0
220,3,0.6,-0.2,0.0,-1.0,-1.0,-1.0,-1.0,-1.0
221,3,0.2,-0.6,1.0,-1.0,-1.0,-1.0,-1.0,-1.0
222,8,-0.2,-1.0,0.6,-1.0,-1.0,-1.0,-1.0,0.0
223,8,-0.6,-1.0,0.2,-1.0,-1.0,-1.0,-1.0,1.0
224,6,-1.0,-1.0,-0.2,-1.0,-1.0,0.0,-1.0,0.6
225,6,-1.0,-1.0,-0.6,-1.0,-1.0,1.0,-1.0,0.2
226,7,-1.0,-1.0,-1.0,-1.0,-1.0,0.6,0.0,-0.2
227,7,-1.0,-1.0,-1.0,-1.0,-1.0,0.2,1.0,-0.6
228,4,-1.0,-1.0,-1.0,0.0,-1.0,-0.2,0.6,-1.0
229,4,-1.0,-1.0,-1.0,1.0,-1.0,-0.6,0.2,-1.0
230,8,-1.0,-1.0,-1.0,0.6,-1.0,-1.0,-0.2,0.0
231,8,-1.0,-1.0,-1.0,0.2,-1.0,-1.0,-0.6,1.0
232,6,-1.0,-1.0,-1.0,-0.2,-1.0,0.0,-1.0,0.6
233,6,-1.0,-1.0,-1.0,-0.6,-1.0,1.0,-1.0,0.2
234,3,-1.0,-1.0,0.0,-1.0,-1.0,0.6,-1.0,-0.2
235,3,-1.0,-1.0,1.0,-1.0,-1.0,0.2,-1.0,-0.6
236,7,-1.0,-1.0,0.6,-1.0,-1.0,-0.2,0.0,-1.0
237,7,-1.0,-1.0,0.2,-1.0,-1.0,-0.6,1.0,-1.0
238,2,-1.0,0.0,-0.2,-1.0,-1.0,-1.0,0.6,-1.0
239,2,-1.0,1.0,-0.6,-1.0,-1.0,-1.0,0.2,-1.0
240,5,-1.0,0.6,-1.0,-1.0,0.0,-1.0,-0.2,-1.0
241,5,-1.0,0.2,-1.0,-1.0,1.0,-1.0,-0.6,-1.0
242,8,-1.0,-0.2,-1.0,-1.0,0.6,-1.0,-1.0,0.0
243,8,-1.0,-0.6,-1.0,-1.0,0.2,-1.0,-1.0,1.0
244,1,0.0,-1.0,-1.0,-1.0,-0.2,-1.0,-1.0,0.6
245,1,1.0,-1.0,-1.0,-1.0,-0.6,-1.0,-1.0,0.2
246,3,0.6,-1.0,0.0,-1.0,-1.0,-1.0,-1.0,-0.2
247,3,0.2,-1.0,1.0,-1.0,-1.0,-1.0,-1.0,-0.6
248,4,-0.2,-1.0,0.6,0.0,-1.0,-1.0,-1.0,-1.0
249,4,-0.6,-1.0,0.2,1.0,-1.0,-1.0,-1.0,-1.0
250,5,-1.0,-1.0,-0.2,0.6,0.0,-1.0,-1.0,-1.0
251,5,-1.0,-1.0,-0.6,0.2,1.0,-1.0,-1.0,-1.0
252,6,-1.0,-1.0,-1.0,-0.2,0.6,0.0,-1.0,-1.0
253,6,-1.0,-1.0,-1.0,-0.6,0.2,1.0,-1.0,-1.0
254,8,-1.0,-1.0,-1.0,-1.0,-0.2,0.6,-1.0,0.0
255,8,-1.0,-1.0,-1.0,-1.0,-0.6,0.2,-1.0,1.0
256,7,-1.0,-1.0,-1.0,-1.0,-1.0,-0.2,0.0,0.6
257,7,-1.0,-1.0,-1.0,-1.0,-1.0,-0.6,1.0,0.2
258,1,0.0,-1.0,-1.0,-1.0,-1.0,-1.0,0.6,-0.2
259,1,1.0,-1.0,-1.0,-1.0,-1.0,-1.0,0.2,-0.6
260,2,0.6,0.0,-1.0,-1.0,-1.0,-1.0,-0.2,-1.0
261,2,0.2,1.0,-1.0,-1.0,-1.0,-1.0,-0.6,-1.0
262,4,-0.2,0.6,-1.0,0.0,-1.0,-1.0,-1.0,-1.0
263,4,-0.6,0.2,-1.0,1.0,-1.0,-1.0,-1.0,-1.0
264,3,-1.0,-0.2,0.0,0.6,-1.0,-1.0,-1.0,-1.0
265,3,-1.0,-0.6,1.0,0.2,-1.0,-1.0,-1.0,-1.0
266,6,-1.0,-1.0,0.6,-0.2,-1.0,0.0,-1.0,-1.0
267,6,-1.0,-1.0,0.2,-0.6,-1.0,1.0,-1.0,-1.0
268,8,-1.0,-1.0,-0.2,-1.0,-1.0,0.6,-1.0,0.0
269,8,-1.0,-1.0,-0.6,-1.0,-1.0,0.2,-1.0,1.0
270,2,-1.0,0.0,-1.0,-1.0,-1.0,-0.2,-1.0,0.6
271,2,-1.0,1.0,-1.0,-1.0,-1.0,-0.6,-1.0,0.2
272,1,0.0,0.6,-1.0,-1.0,-1.0,-1.0,-1.0,-0.2
273,1,1.0,0.2,-1.0,-1.0,-1.0,-1.0,-1.0,-0.6
274,5,0.6,-0.2,-1.0,-1.0,0.0,-1.0,-1.0,-1.0
275,5,0.2,-0.6,-1.0,-1.0,1.0,-1.0,-1.0,-1.0
276,6,-0.2,-1.0,-1.0,-1.0,0.6,0.0,-1.0,-1.0
277,6,-0.6,-1.0,-1.0,-1.0,0.2,1.0,-1.0,-1.0
278,2,-1.0,0.0,-1.0,-1.0,-0.2,0.6,-1.0,-1.0
279,2,-1.0,1.0,-1.0,-1.0,-0.6,0.2,-1.0,-1.0
280,8,-1.0,0.6,-1.0,-1.0,-1.0,-0.2,-1.0,0.0
281,8,-1.0,0.2,-1.0,-1.0,-1.0,-0.6,-1.0,1.0
282,1,0.0,-0.2,-1.0,-1.0,-1.0,-1.0,-1.0,0.6
283,1,1.0,-0.6,-1.0,-1.0,-1.0,-1.0,-1.0,0.2
284,4,0.6,-1.0,-1.0,0.0,-1.0,-1.0,-1.0,-0.2
285,4,0.2,-1.0,-1.0,1.0,-1.0,-1.0,-1.0,-0.6
286,2,-0.2,0.0,-1.0,0.6,-1.0,-1.0,-1.0,-1.0
287,2,-0.6,1.0,-1.0,0.2,-1.0,-1.0,-1.0,-1.0
288,6,-1.0,0.6,-1.0,-0.2,-1.0,0.0,-1.0,-1.0
289,6,-1.0,0.2,-1.0,-0.6,-1.0,1.0,-1.0,-1.0
290,1,0.0,-0.2,-1.0,-1.0,-1.0,0.6,-1.0,-1.0
291,1,1.0,-0.6,-1.0,-1.0,-1.0,0.2,-1.0,-1.0
292,8,0.6,-1.0,-1.0,-1.0,-1.0,-0.2,-1.0,0.0
293,8,0.2,-1.0,-1.0,-1.0,-1.0,-0.6,-1.0,1.0
294,5,-0.2,-1.0,-1.0,-1.0,0.0,-1.0,-1.0,0.6
295,5,-0.6,-1.0,-1.0,-1.0,1.0,-1.0,-1.0,0.2
296,2,-1.0,0.0,-1.0,-1.0,0.6,-1.0,-1.0,-0.2
297,2,-1.0,1.0,-1.0,-1.0,0.2,-1.0,-1.0,-0.6
298,7,-1.0,0.6,-1.0,-1.0,-0.2,-1.0,0.0,-1.0
299,7,-1.0,0.2,-1.0,-1.0,-0.6,-1.0,1.0,-1.0
300,8,-1.0,-0.2,-1.0,-1.0,-1.0,-1.0,0.6,0.0
301,8,-1.0,-0.6,-1.0,-1.0,-1.0,-1.0,0.2,1.0
302,4,-1.0,-1.0,-1.0,0.0,-1.0,-1.0,-0.2,0.6
303,4,-1.0,-1.0,-1.0,1.0,-1.0,-1.0,-0.6,0.2
304,6,-1.0,-1.0,-1.0,0.6,-1.0,0.0,-1.0,-0.2
305,6,-1.0,-1.0,-1.0,0.2,-1.0,1.0,-1.0,-0.6
306,7,-1.0,-1.0,-1.0,-0.2,-1.0,0.6,0.0,-1.0
307,7,-1.0,-1.0,-1.0,-0.6,-1.0,0.2,1.0,-1.0
308,8,-1.0,-1.0,-1.0,-1.0,-1.0,-0.2,0.6,0.0
309,8,-1.0,-1.0,-1.0,-1.0,-1.0,-0.6,0.2,1.0
310,5,-1.0,-1.0,-1.0,-1.0,0.0,-1.0,-0.2,0.6
311,5,-1.0,-1.0,-1.0,-1.0,1.0,-1.0,-0.6,0.2
312,2,-1.0,0.0,-1.0,-1.0,0.6,-1.0,-1.0,-0.2
313,2,-1.0,1.0,-1.0,-1.0,0.2,-1.0,-1.0,-0.6
314,3,-1.0,0.6,0.0,-1.0,-0.2,-1.0,-1.0,-1.0
315,3,-1.0,0.2,1.0,-1.0,-0.6,-1.0,-1.0,-1.0
316,6,-1.0,-0.2,0.6,-1.0,-1.0,0.0,-1.0,-1.0
317,6,-1.0,-0.6,0.2,-1.0,-1.0,1.0,-1.0,-1.0
318,1,0.0,-1.0,-0.2,-1.0,-1.0,0.6,-1.0,-1.0
319,1,1.0,-1.0,-0.6,-1.0,-1.0,0.2,-1.0,-1.0
320,8,0.6,-1.0,-1.0,-1.0,-1.0,-0.2,-1.0,0.0
321,8,0.2,-1.0,-1.0,-1.0,-1.0,-0.6,-1.0,1.0
322,2,-0.2,0.0,-1.0,-1.0,-1.0,-1.0,-1.0,0.6
323,2,-0.6,1.0,-1.0,-1.0,-1.0,-1.0,-1.0,0.2
324,3,-1.0,0.6,0.0,-1.0,-1.0,-1.0,-1.0,-0.2
325,3,-1.0,0.2,1.0,-1.0,-1.0,-1.0,-1.0,-0.6
326,5,-1.0,-0.2,0.6,-1.0,0.0,-1.0,-1.0,-1.0
327,5,-1.0,-0.6,0.2,-1.0,1.0,-1.0,-1.0,-1.0
328,8,-1.0,-1.0,-0.2,-1.0,0.6,-1.0,-1.0,0.0
329,8,-1.0,-1.0,-0.6,-1.0,0.2,-1.0,-1.0,1.0
330,7,-1.0,-1.0,-1.0,-1.0,-0.2,-1.0,0.0,0.6
331,7,-1.0,-1.0,-1.0,-1.0,-0.6,-1.0,1.0,0.2
332,4,-1.0,-1.0,-1.0,0.0,-1.0,-1.0,0.6,-0.2
333,4,-1.0,-1.0,-1.0,1.0,-1.0,-1.0,0.2,-0.6
334,1,0.0,-1.0,-1.0,0.6,-1.0,-1.0,-0.2,-1.0
335,1,1.0,-1.0,-1.0,0.2,-1.0,-1.0,-0.6,-1.0
336,2,0.6,0.0,-1.0,-0.2,-1.0,-1.0,-1.0,-1.0
337,2,0.2,1.0,-1.0,-0.6,-1.0,-1.0,-1.0,-1.0
338,5,-0.2,0.6,-1.0,-1.0,0.0,-1.0,-1.0,-1.0
339,5,-0.6,0.2,-1.0,-1.0,1.0,-1.0,-1.0,-1.0
340,7,-1.0,-0.2,-1.0,-1.0,0.6,-1.0,0.0,-1.0
341,7,-1.0,-0.6,-1.0,-1.0,0.2,-1.0,1.0,-1.0
342,3,-1.0,-1.0,0.0,-1.0,-0.2,-1.0,0.6,-1.0
343,3,-1.0,-1.0,1.0,-1.0,-0.6,-1.0,0.2,-1.0
344,2,-1.0,0.0,0.6,-1.0,-1.0,-1.0,-0.2,-1.0
345,2,-1.0,1.0,0.2,-1.0,-1.0,-1.0,-0.6,-1.0
346,4,-1.0,0.6,-0.2,0.0,-1.0,-1.0,-1.0,-1.0
347,4,-1.0,0.2,-0.6,1.0,-1.0,-1.0,-1.0,-1.0
348,6,-1.0,-0.2,-1.0,0.6,-1.0,0.0,-1.0,-1.0
349,6,-1.0,-0.6,-1.0,0.2,-1.0,1.0,-1.0,-1.0
350,5,-1.0,-1.0,-1.0,-0.2,0.0,0.6,-1.0,-1.0
351,5,-1.0,-1.0,-1.0,-0.6,1.0,0.2,-1.0,-1.0
352,2,-1.0,0.0,-1.0,-1.0,0.6,-0.2,-1.0,-1.0
353,2,-1.0,1.0,-1.0,-1.0,0.2,-0.6,-1.0,-1.0
354,7,-1.0,0.6,-1.0,-1.0,-0.2,-1.0,0.0,-1.0
355,7,-1.0,0.2,-1.0,-1.0,-0.6,-1.0,1.0,-1.0
356,1,0.0,-0.2,-1.0,-1.0,-1.0,-1.0,0.6,-1.0
357,1,1.0,-0.6,-1.0,-1.0,-1.0,-1.0,0.2,-1.0
358,6,0.6,-1.0,-1.0,-1.0,-1.0,0.0,-0.2,-1.0
359,6,0.2,-1.0,-1.0,-1.0,-1.0,1.0,-0.6,-1.0
360,8,-0.2,-1.0,-1.0,-1.0,-1.0,0.6,-1.0,0.0
361,8,-0.6,-1.0,-1.0,-1.0,-1.0,0.2,-1.0,1.0
362,4,-1.0,-1.0,-1.0,0.0,-1.0,-0.2,-1.0,0.6
363,4,-1.0,-1.0,-1.0,1.0,-1.0,-0.6,-1.0,0.2
364,1,0.0,-1.0,-1.0,0.6,-1.0,-1.0,-1.0,-0.2
365,1,1.0,-1.0,-1.0,0.2,-1.0,-1.0,-1.0,-0.6
366,2,0.6,0.0,-1.0,-0.2,-1.0,-1.0,-1.0,-1.0
367,2,0.2,1.0,-1.0,-0.6,-1.0,-1.0,-1.0,-1.0
368,8,-0.2,0.6,-1.0,-1.0,-1.0,-1.0,-1.0,0.0
369,8,-0.6,0.2,-1.0,-1.0,-1.0,-1.0,-1.0,1.0
370,7,-1.0,-0.2,-1.0,-1.0,-1.0,-1.0,0.0,0.6
371,7,-1.0,-0.6,-1.0,-1.0,-1.0,-1.0,1.0,0.2
372,3,-1.0,-1.0,0.0,-1.0,-1.0,-1.0,0.6,-0.2
373,3,-1.0,-1.0,1.0,-1.0,-1.0,-1.0,0.2,-0.6
374,4,-1.0,-1.0,0.6,0.0,-1.0,-1.0,-0.2,-1.0
375,4,-1.0,-1.0,0.2,1.0,-1.0,-1.0,-0.6,-1.0
376,5,-1.0,-1.0,-0.2,0.6,0.0,-1.0,-1.0,-1.0
377,5,-1.0,-1.0,-0.6,0.2,1.0,-1.0,-1.0,-1.0
378,7,-1.0,-1.0,-1.0,-0.2,0.6,-1.0,0.0,-1.0
379,7,-1.0,-1.0,-1.0,-0.6,0.2,-1.0,1.0,-1.0
380,2,-1.0,0.0,-1.0,-1.0,-0.2,-1.0,0.6,-1.0
381,2,-1.0,1.0,-1.0,-1.0,-0.6,-1.0,0.2,-1.0
382,3,-1.0,0.6,0.0,-1.0,-1.0,-1.0,-0.2,-1.0
383,3,-1.0,0.2,1.0,-1.0,-1.0,-1.0,-0.6,-1.0
384,4,-1.0,-0.2,0.6,0.0,-1.0,-1.0,-1.0,-1.0
385,4,-1.0,-0.6,0.2,1.0,-1.0,-1.0,-1.0,-1.0
386,5,-1.0,-1.0,-0.2,0.6,0.0,-1.0,-1.0,-1.0
387,5,-1.0,-1.0,-0.6,0.2,1.0,-1.0,-1.0,-1.0
388,6,-1.0,-1.0,-1.0,-0.2,0.6,0.0,-1.0,-1.0
389,6,-1.0,-1.0,-1.0,-0.6,0.2,1.0,-1.0,-1.0
390,3,-1.0,-1.0,0.0,-1.0,-0.2,0.6,-1.0,-1.0
391,3,-1.0,-1.0,1.0,-1.0,-0.6,0.2,-1.0,-1.0
392,2,-1.0,0.0,0.6,-1.0,-1.0,-0.2,-1.0,-1.0
393,2,-1.0,1.0,0.2,-1.0,-1.0,-0.6,-1.0,-1.0
394,7,-1.0,0.6,-0.2,-1.0,-1.0,-1.0,0.0,-1.0
395,7,-1.0,0.2,-0.6,-1.0,-1.0,-1.0,1.0,-1.0
396,1,0.0,-0.2,-1.0,-1.0,-1.0,-1.0,0.6,-1.0
397,1,1.0,-0.6,-1.0,-1.0,-1.0,-1.0,0.2,-1.0
398,3,0.6,-1.0,0.0,-1.0,-1.0,-1.0,-0.2,-1.0
399,3,0.2,-1.0,1.0,-1.0,-1.0,-1.0,-0.6,-1.0
400,6,-0.2,-1.0,0.6,-1.0,-1.0,0.0,-1.0,-1.0
401,6,-0.6,-1.0,0.2,-1.0,-1.0,1.0,-1.0,-1.0
402,4,-1.0,-1.0,-0.2,0.0,-1.0,0.6,-1.0,-1.0
403,4,-1.0,-1.0,-0.6,1.0,-1.0,0.2,-1.0,-1.0
404,5,-1.0,-1.0,-1.0,0.6,0.0,-0.2,-1.0,-1.0
405,5,-1.0,-1.0,-1.0,0.2,1.0,-0.6,-1.0,-1.0
406,1,0.0,-1.0,-1.0,-0.2,0.6,-1.0,-1.0,-1.0
407,1,1.0,-1.0,-1.0,-0.6,0.2,-1.0,-1.0,-1.0
408,8,0.6,-1.0,-1.0,-1.0,-0.2,-1.0,-1.0,0.0
409,8,0.2,-1.0,-1.0,-1.0,-0.6,-1.0,-1.0,1.0
410,7,-0.2,-1.0,-1.0,-1.0,-1.0,-1.0,0.0,0.6
411,7,-0.6,-1.0,-1.0,-1.0,-1.0,-1.0,1.0,0.2
412,5,-1.0,-1.0,-1.0,-1.0,0.0,-1.0,0.6,-0.2
413,5,-1.0,-1.0,-1.0,-1.0,1.0,-1.0,0.2,-0.6
414,2,-1.0,0.0,-1.0,-1.0,0.6,-1.0,-0.2,-1.0
415,2,-1.0,1.0,-1.0,-1.0,0.2,-1.0,-0.6,-1.0
416,1,0.0,0.6,-1.0,-1.0,-0.2,-1.0,-1.0,-1.0
417,1,1.0,0.2,-1.0,-1.0,-0.6,-1.0,-1.0,-1.0
418,4,0.6,-0.2,-1.0,0.0,-1.0,-1.0,-1.0,-1.0
419,4,0.2,-0.6,-1.0,1.0,-1.0,-1.0,-1.0,-1.0
420,3,-0.2,-1.0,0.0,0.6,-1.0,-1.0,-1.0,-1.0
421,3,-0.6,-1.0,1.0,0.2,-1.0,-1.0,-1.0,-1.0
422,7,-1.0,-1.0,0.6,-0.2,-1.0,-1.0,0.0,-1.0
423,7,-1.0,-1.0,0.2,-0.6,-1.0,-1.0,1.0,-1.0
424,6,-1.0,-1.0,-0.2,-1.0,-1.0,0.0,0.6,-1.0
425,6,-1.0,-1.0,-0.6,-1.0,-1.0,1.0,0.2,-1.0
426,8,-1.0,-1.0,-1.0,-1.0,-1.0,0.6,-0.2,0.0
427,8,-1.0,-1.0,-1.0,-1.0,-1.0,0.2,-0.6,1.0
428,2,-1.0,0.0,-1.0,-1.0,-1.0,-0.2,-1.0,0.6
429,2,-1.0,1.0,-1.0,-1.0,-1.0,-0.6,-1.0,0.2
430,7,-1.0,0.6,-1.0,-1.0,-1.0,-1.0,0.0,-0.2
431,7,-1.0,0.2,-1.0,-1.0,-1.0,-1.0,1.0,-0.6
432,3,-1.0,-0.2,0.0,-1.0,-1.0,-1.0,0.6,-1.0
433,3,-1.0,-0.6,1.0,-1.0,-1.0,-1.0,0.2,-1.0
434,8,-1.0,-1.0,0.6,-1.0,-1.0,-1.0,-0.2,0.0
435,8,-1.0,-1.0,0.2,-1.0,-1.0,-1.0,-0.6,1.0
436,4,-1.0,-1.0,-0.2,0.0,-1.0,-1.0,-1.0,0.6
437,4,-1.0,-1.0,-0.6,1.0,-1.0,-1.0,-1.0,0.2
438,5,-1.0,-1.0,-1.0,0.6,0.0,-1.0,-1.0,-0.2
439,5,-1.0,-1.0,-1.0,0.2,1.0,-1.0,-1.0,-0.6
440,3,-1.0,-1.0,0.0,-0.2,0.6,-1.0,-1.0,-1.0
441,3,-1.0,-1.0,1.0,-0.6,0.2,-1.0,-1.0,-1.0
442,6,-1.0,-1.0,0.6,-1.0,-0.2,0.0,-1.0,-1.0
443,6,-1.0,-1.0,0.2,-1.0,-0.6,1.0,-1.0,-1.0
444,1,0.0,-1.0,-0.2,-1.0,-1.0,0.6,-1.0,-1.0
445,1,1.0,-1.0,-0.6,-1.0,-1.0,0.2,-1.0,-1.0
446,5,0.6,-1.0,-1.0,-1.0,0.0,-0.2,-1.0,-1.0
447,5,0.2,-1.0,-1.0,-1.0,1.0,-0.6,-1.0,-1.0
448,7,-0.2,-1.0,-1.0,-1.0,0.6,-1.0,0.0,-1.0
449,7,-0.6,-1.0,-1.0,-1.0,0.2,-1.0,1.0,-1.0
450,6,-1.0,-1.0,-1.0,-1.0,-0.2,0.0,0.6,-1.0
451,6,-1.0,-1.0,-1.0,-1.0,-0.6,1.0,0.2,-1.0
452,1,0.0,-1.0,-1.0,-1.0,-1.0,0.6,-0.2,-1.0
453,1,1.0,-1.0,-1.0,-1.0,-1.0,0.2,-0.6,-1.0
454,4,0.6,-1.0,-1.0,0.0,-1.0,-0.2,-1.0,-1.0
455,4,0.2,-1.0,-1.0,1.0,-1.0,-0.6,-1.0,-1.0
456,5,-0.2,-1.0,-1.0,0.6,0.0,-1.0,-1.0,-1.0
457,5,-0.6,-1.0,-1.0,0.2,1.0,-1.0,-1.0,-1.0
458,6,-1.0,-1.0,-1.0,-0.2,0.6,0.0,-1.0,-1.0
459,6,-1.0,-1.0,-1.0,-0.6,0.2,1.0,-1.0,-1.0
460,8,-1.0,-1.0,-1.0,-1.0,-0.2,0.6,-1.0,0.0
461,8,-1.0,-1.0,-1.0,-1.0,-0.6,0.2,-1.0,1.0
462,2,-1.0,0.0,-1.0,-1.0,-1.0,-0.2,-1.0,0.6
463,2,-1.0,1.0,-1.0,-1.0,-1.0,-0.6,-1.0,0.2
464,7,-1.0,0.6,-1.0,-1.0,-1.0,-1.0,0.0,-0.2
465,7,-1.0,0.2,-1.0,-1.0,-1.0,-1.0,1.0,-0.6
466,3,-1.0,-0.2,0.0,-1.0,-1.0,-1.0,0.6,-1.0
467,3,-1.0,-0.6,1.0,-1.0,-1.0,-1.0,0.2,-1.0
468,5,-1.0,-1.0,0.6,-1.0,0.0,-1.0,-0.2,-1.0
469,5,-1.0,-1.0,0.2,-1.0,1.0,-1.0,-0.6,-1.0
470,4,-1.0,-1.0,-0.2,0.0,0.6,-1.0,-1.0,-1.0
471,4,-1.0,-1.0,-0.6,1.0,0.2,-1.0,-1.0,-1.0
472,8,-1.0,-1.0,-1.0,0.6,-0.2,-1.0,-1.0,0.0
473,8,-1.0,-1.0,-1.0,0.2,-0.6,-1.0,-1.0,1.0
474,7,-1.0,-1.0,-1.0,-0.2,-1.0,-1.0,0.0,0.6
475,7,-1.0,-1.0,-1.0,-0.6,-1.0,-1.0,1.0,0.2
476,2,-1.0,0.0,-1.0,-1.0,-1.0,-1.0,0.6,-0.2
477,2,-1.0,1.0,-1.0,-1.0,-1.0,-1.0,0.2,-0.6
478,5,-1.0,0.6,-1.0,-1.0,0.0,-1.0,-0.2,-1.0
479,5,-1.0,0.2,-1.0,-1.0,1.0,-1.0,-0.6,-1.0
480,3,-1.0,-0.2,0.0,-1.0,0.6,-1.0,-1.0,-1.0
481,3,-1.0,-0.6,1.0,-1.0,0.2,-1.0,-1.0,-1.0
482,8,-1.0,-1.0,0.6,-1.0,-0.2,-1.0,-1.0,0.0
483,8,-1.0,-1.0,0.2,-1.0,-0.6,-1.0,-1.0,1.0
484,7,-1.0,-1.0,-0.2,-1.0,-1.0,-1.0,0.0,0.6
485,7,-1.0,-1.0,-0.6,-1.0,-1.0,-1.0,1.0,0.2
486,1,0.0,-1.0,-1.0,-1.0,-1.0,-1.0,0.6,-0.2
487,1,1.0,-1.0,-1.0,-1.0,-1.0,-1.0,0.2,-0.6
488,6,0.6,-1.0,-1.0,-1.0,-1.0,0.0,-0.2,-1.0
489,6,0.2,-1.0,-1.0,-1.0,-1.0,1.0,-0.6,-1.0
490,2,-0.2,0.0,-1.0,-1.0,-1.0,0.6,-1.0,-1.0
491,2,-0.6,1.0,-1.0,-1.0,-1.0,0.2,-1.0,-1.0
492,7,-1.0,0.6,-1.0,-1.0,-1.0,-0.2,0.0,-1.0
493,7,-1.0,0.2,-1.0,-1.0,-1.0,-0.6,1.0,-1.0
494,3,-1.0,-0.2,0.0,-1.0,-1.0,-1.0,0.6,-1.0
495,3,-1.0,-0.6,1.0,-1.0,-1.0,-1.0,0.2,-1.0
496,4,-1.0,-1.0,0.6,0.0,-1.0,-1.0,-0.2,-1.0
497,4,-1.0,-1.0,0.2,1.0,-1.0,-1.0,-0.6,-1.0
498,1,0.0,-1.0,-0.2,0.6,-1.0,-1.0,-1.0,-1.0
499,1,1.0,-1.0,-0.6,0.2,-1.0,-1.0,-1.0,-1.0
